measure,1m_annualised,3m_annualised,6m_annualised,12m_annualised
Headline CPI,-0.12462740393612237,-0.05617571908353658,-0.047070305323248185,-0.04373291682936353
Monthly CPI Indicator,-0.0635421897164773,-0.054948498296298776,-0.04011933741128215,-0.03351519875292297
