measure,1m_annualised,3m_annualised,6m_annualised,12m_annualised
Headline CPI,-0.041809714943969345,-0.05185643269631002,-0.033272272031755645,-0.037007796309089125
Monthly CPI Indicator,-0.0635421897164773,-0.054948498296298665,-0.04011933741128215,-0.03351519875292297
