measure,1m_annualised,3m_annualised,6m_annualised,12m_annualised
Headline CPI,-0.04122332142851537,-0.05598322441088588,-0.053922078684007335,-0.04007782101167301
Monthly CPI Indicator,-0.0635421897164773,-0.054948498296298776,-0.04011933741128215,-0.03351519875292297
