measure,1m_annualised,3m_annualised,6m_annualised,12m_annualised
Headline CPI,0.0012007803641382875,-0.014323851101650908,-0.02603097593487702,-0.0367036703670367
Monthly CPI Indicator,-0.0635421897164773,-0.054948498296298665,-0.04011933741128215,-0.03351519875292297
