measure,1m_annualised,3m_annualised,6m_annualised,12m_annualised
Headline CPI,0.08672317846607247,-0.030212803361006735,-0.04033325209459826,-0.03810363404838868
Monthly CPI Indicator,-0.0635421897164773,-0.054948498296298776,-0.04011933741128215,-0.03351519875292297
