measure,1m_annualised,3m_annualised,6m_annualised,12m_annualised
Headline CPI,-0.10831214352694496,-0.03787704834741412,-0.05141621762613635,-0.036248390611072545
Monthly CPI Indicator,-0.0635421897164773,-0.054948498296298665,-0.04011933741128215,-0.03351519875292297
