measure,1m_annualised,3m_annualised,6m_annualised,12m_annualised
Headline CPI,0.002371540399497496,-0.05034808643884303,-0.0344430415412601,-0.03592932583160602
Monthly CPI Indicator,-0.0635421897164773,-0.054948498296298665,-0.04011933741128215,-0.03351519875292297
