measure,1m_annualised,3m_annualised,6m_annualised,12m_annualised
Headline CPI,-0.002397122310600852,-0.018271614351827337,-0.035868835874136806,-0.03329667033296668
Monthly CPI Indicator,-0.0635421897164773,-0.054948498296298665,-0.04011933741128215,-0.03351519875292297
